<?xml version="1.0" encoding="UTF-8"?>
<project-private xmlns="http://www.netbeans.org/ns/project-private/1">
    <editor-bookmarks xmlns="http://www.netbeans.org/ns/editor-bookmarks/2" lastBookmarkId="0"/>
    <open-files xmlns="http://www.netbeans.org/ns/projectui-open-files/2">
        <group>
            <file>file:/D:/z-com_net-lab/htmlpro/Shopping/web/aboutus.jsp</file>
            <file>file:/D:/z-com_net-lab/htmlpro/Shopping/web/remove_from_cart.jsp</file>
            <file>file:/D:/z-com_net-lab/htmlpro/Shopping/web/login.jsp</file>
            <file>file:/D:/z-com_net-lab/htmlpro/Shopping/web/cart.jsp</file>
            <file>file:/D:/z-com_net-lab/htmlpro/Shopping/web/logout.jsp</file>
            <file>file:/D:/z-com_net-lab/htmlpro/Shopping/web/contactus.jsp</file>
            <file>file:/D:/z-com_net-lab/htmlpro/Shopping/web/signup.jsp</file>
            <file>file:/D:/z-com_net-lab/htmlpro/Shopping/web/homepage.jsp</file>
            <file>file:/D:/z-com_net-lab/htmlpro/Shopping/web/add_to_cart.jsp</file>
            <file>file:/D:/z-com_net-lab/htmlpro/Shopping/web/product_detail.jsp</file>
            <file>file:/D:/z-com_net-lab/htmlpro/Shopping/web/items.jsp</file>
            <file>file:/D:/z-com_net-lab/htmlpro/Shopping/web/footer.jsp</file>
            <file>file:/D:/z-com_net-lab/htmlpro/Shopping/web/index.html</file>
            <file>file:/D:/z-com_net-lab/htmlpro/Shopping/web/profile.jsp</file>
        </group>
    </open-files>
</project-private>
